[
  {
    "v": 2,
    "key": {
      "_id": 1
    },
    "name": "_id_",
    "ns": "dnbkr_bot.User"
  },
  {
    "v": 2,
    "unique": true,
    "key": {
      "email": 1
    },
    "name": "email_1",
    "ns": "dnbkr_bot.User",
    "background": true
  },
  {
    "v": 2,
    "key": {
      "_id": 1
    },
    "name": "_id_",
    "ns": "dnbkr_bot.Topic"
  },
  {
    "v": 2,
    "unique": true,
    "key": {
      "name": 1
    },
    "name": "name_1",
    "ns": "dnbkr_bot.Topic",
    "background": true
  }
]
